,PC1,PC2,PC3,PC4,PC5,PC6,PC7,PC8,PC9,PC10,PC11,PC12,PC13,PC14,PC15,PC16,PC17,PC18,PC19,PC20,PC21,PC22,PC23,PC24,PC25,PC26,PC27,PC28
admiration,-0.22336702302575764,-0.014001303871662573,-0.07530779914811374,-0.02247926704580888,0.40209002070448846,0.039604453663805286,-0.04759056214029433,-0.11459508296924213,0.16593108943692467,-0.20827739290593147,0.09648211221676126,0.12107817342835857,0.5190593427132077,0.0030059375948748557,-0.024218113092720758,0.1183221460229624,0.08091148593377194,-0.15057389381869976,-0.0047459998684144114,-0.2773508894398328,-0.3517538827724874,-0.009322862796409391,-0.09925102396729495,0.20202199628105572,0.03925395657646626,-0.024297306996006768,0.18144999877722925,0.2655018906962473
amusement,-0.019593722795524626,0.04466270012256199,0.04418701579465073,0.005107321866220014,0.07203771497209133,-0.053584567564085195,0.0316910857018093,0.10152915093952333,-0.1506880159630805,0.7126342322593611,-0.32465362421371724,-0.182059605370274,0.3857311224701949,0.10942944274053008,-0.2874844010646395,-0.016376960989148502,-0.06299515825229421,0.11063991885173453,-0.08746747245151895,0.12126909609201589,-0.015609425360988305,0.00448064697979507,-0.0006720386319781363,0.08888201086909794,-0.030582555179533448,0.006726521517913399,0.08320535731540646,0.09410861867154446
anger,0.1938925208230845,0.3335996898882653,0.04317061446752032,-0.2403543600056149,0.1179509062352421,0.1661886732293519,0.08270431364230767,0.11509396770127477,-0.09502124409229912,-0.14471589355068662,-0.09858182105330866,-0.1075512737530564,-0.097226467403416,-0.3093140547398184,-0.3457123644402243,-0.012211152223411494,0.09233439312784236,-0.31502607727700205,-0.11743556379543751,-0.051949657087553544,0.07679392052494236,0.014570546258581094,-0.25451815579388826,-0.0871709821507267,-0.42812571199667726,0.22802659446284224,0.11664998987412338,0.04662403281419977
annoyance,0.2771081862815541,0.4087613139571886,0.0948529440266879,-0.2854667855999044,0.07147937894842017,0.10077953595016528,0.05599078163410178,0.03075248422464485,-0.022209427048349495,-0.0402128409579065,-0.029910080211512074,-0.019682441501753137,-0.02175967376278305,-0.09022912789333944,-0.09656232232345302,-0.023516506872201644,0.023570505452279098,-0.12552776898731763,-0.07246067107737086,0.014383754468935878,0.012007537622059593,-0.017570605984379817,0.23369254511023446,0.10055244117517938,0.6206962418428169,-0.36462680970697176,-0.09182672724220418,0.10397656317519859
approval,-0.2165528693778076,0.01995195518106228,0.038719607252990784,-0.17202566544994405,-0.3235272899686943,0.0179343302374536,-0.1786528412218311,-0.03485080593356925,0.036395997383914136,-0.14757943508900187,0.11807436137399502,-0.08246965024695634,0.3885365179938272,-0.19343382337999154,0.04451857355127813,-0.2619027322616739,0.40482655533031797,0.2002220610619839,-0.08608365584037495,0.20631767235576004,0.40169393822241256,0.001126694563164875,-0.00989559565525414,-0.09150537373120154,0.06628715841558791,0.044362452772675844,0.1395409005887279,0.17628808099586893
caring,-0.12460080528002014,-0.08404530928536305,-0.11965136617801582,-0.14280340581324952,-0.3299846288415188,0.293314983639869,0.31321216312100636,-0.09175559861519979,-0.050739743470339105,-0.12252631498155789,-0.023864468827607684,-0.37587886768600115,-0.08045501200940565,0.14796107559252147,0.0170768773673363,0.027604513848142803,-0.13766692054017513,0.12652571655357708,-0.3589357065618172,-0.038499243441656006,-0.39063046071410557,0.07705406837048275,0.1067601330736317,-0.19787172195022373,0.04018876765482812,0.07015218995189888,0.12013083454397822,0.23889374208311628
confusion,0.057887609395687566,0.1456101768721476,0.12082015265095017,0.24095370119537513,-0.039354680061395725,-0.3471047157821307,0.36986104315579155,-0.26695552850671295,-0.18678105240567414,-0.08255036950684057,0.044096019206104876,0.08986202102429028,0.06364073164156762,0.025906117291113494,-0.023982088650881587,-0.1311959482076056,0.05875872504418316,-0.06925261707831527,0.008945051140954719,0.07235020553413817,0.001861011268737698,0.688676342259334,-0.04792309590076087,0.04546888429849288,0.017143874396119956,0.013966897833173425,0.03576821074516461,0.06703276099099428
curiosity,0.014606009574283447,0.12325493379908141,0.07022156698037929,0.2816992359116474,-0.03366367052906388,-0.36247726993897406,0.4186168869516875,-0.10634934499901307,-0.19227466848910393,-0.17481068729084812,-0.06607814318086122,0.010273566171876056,0.03681632852821398,-0.1385923114073347,-0.06377614024808727,0.025436040117287624,0.0108239020689743,0.14811740045741045,0.013795825738975235,0.019539899822544463,-0.010737170779949672,-0.6596562628080275,-0.02018027503681148,-0.0303635555634164,0.02986729301010435,-0.0027935091743838676,0.09711742347198762,0.12003184788532907
desire,0.002463105973415028,-0.04433786702516268,-0.16208760038750022,-0.013854049904603118,-0.08432934106090678,0.1136931697955022,0.2502443723920879,0.16431855900755923,0.19088666513782374,0.2564750398103407,0.01765680530173497,0.6827708793123872,-0.1628690311389743,-0.20309320246818033,-0.07767251220341365,-0.018267262132841956,0.26263033392845153,0.2077248277856459,-0.28128624461771207,-0.05486091558292597,-0.11359132591911081,0.032214017920068456,0.007003486809939095,-0.008935504903461181,-0.0032869562782017856,0.01153120167950869,-0.001270907758443421,0.10289552320684772
disappointment,0.4246098105508523,-0.02664829368545963,-0.10600745866195134,-0.12783017978441993,-0.0010655270752229283,-0.1348856189637374,-0.04516567799959641,0.008121401323394933,0.0434129161461562,-0.012409763195416482,0.061007000764354176,0.1276540742615088,0.11437207244931033,0.13125465882916132,0.1586976166224804,-0.2573349794745632,-0.09066375588044426,-0.10844650364409958,0.0024479126218200616,0.052348557352123425,-0.045451655825564895,-0.0708647902105043,0.5954457820656489,0.07334826116660625,-0.22520382550215765,0.21542784820539457,0.3723946884935873,0.0423323790687225
disapproval,0.13774627076129894,0.2481886786350071,0.020703899268805784,-0.14467485083735285,-0.02609632341091582,-0.028923434955636766,-0.005425309540384027,-0.026417732831504663,-0.04969910068105369,-0.020051665484274707,0.08924947240510762,0.1311482533722362,-0.03929429302902249,0.7860859817266023,0.04559448330393498,0.20882048165337963,0.3102449261273138,0.03883898055973976,-0.08426695630790544,0.013589020811253193,0.11510102460907128,-0.10927537566382034,-0.24423475332049824,-0.03349711787931806,-0.06642469054611551,0.029053722827124876,0.021884927202317207,0.07670206137120605
disgust,0.21458035511205723,0.2803728935498051,0.12267038806708862,-0.1647610833005455,0.10953135405375829,0.1783296230868412,0.03012586142685849,-0.035072365003701686,0.018610755753412048,-0.0037944905888097603,0.010488176754849945,-0.007617574558188621,0.053756099402968105,-0.14146983452268416,0.2396379507800703,0.055702671922971736,-0.09830285149165721,0.6449059525157916,0.41274534097436544,0.06496253328913795,-0.2031215277542432,0.09328500668848767,-0.14343560143132728,0.02513469307386844,-0.06628144691606161,0.16088284304777378,0.02387169562603142,0.03310850257246542
embarrassment,0.19843675529472365,0.05592922590080359,0.186574634664443,-0.008308273467807551,0.012069808969655711,-0.025796737342475735,0.0509611769638955,-0.31116256137271103,0.26389639210184185,0.3005164830822619,0.21524004711373745,-0.06768413822214088,0.07703902074342708,-0.17250619545249202,0.47124350927955916,0.08709444273469409,-0.23337578523962205,-0.14303498786057584,-0.40339959311453744,-0.043032915889816156,0.17074690364182105,-0.08807224556889252,-0.25493537863252963,-0.013034730401651491,-0.04766738639057884,-0.023907274838736208,0.00010704433131094499,0.041855687476111535
excitement,-0.09207964321672904,-0.09926121472453982,0.2505731349766542,-0.06662900413017009,0.16722985612113236,-0.12259018544983896,0.2014928176311076,0.4748366594523299,0.20663264466672362,-0.08085558951610484,-0.004433750113126915,-0.06848679084122952,0.014472854795788418,-0.0032958427564468355,0.22681474065820625,0.14768858519895156,0.09660875886685673,-0.17420832258728586,-0.010269712418569589,0.6225013305730557,-0.19396317422313958,0.031179267107469686,-0.01428649480462531,-0.060558053864059304,-0.03834321166815164,-0.06387681363948595,0.027221125295542478,0.04364689844247934
fear,0.1368583220137644,-0.041321799730585286,0.3715275693491104,0.3972313477034617,-0.017231643901395303,0.3856796534127659,-0.056815148001829574,0.03394552368156456,-0.03619503021046264,-0.026275847040515034,-0.007080714428585373,0.05373795128292731,0.040347564821608776,0.03619259887466478,-0.027021743988061217,0.03931845656124074,0.05588344714261912,0.03504968471598836,0.06758509733753584,-0.0951365692304363,0.06779051334018403,0.03407368577958221,0.1380491894721375,-0.22296637073525288,-0.27194815631470415,-0.529170393608729,0.21179088680925698,0.1697872423499482
gratitude,-0.16627608353254697,-0.0353897932577924,-0.09866094683235341,0.057321320392344825,0.483805509616578,0.017682933082388635,-0.18563885727327584,-0.28052330905000705,-0.017962545823618975,0.02897340033397545,-0.22427206189803867,-0.035394307943499466,-0.467663089375265,0.007797170692501977,0.05599793974218836,-0.13170078345969524,0.039496883551435866,0.10145896821197252,-0.08766920861092076,0.22775350611131426,0.15321967109598583,0.01582899973354814,0.00878494902074661,-0.028220683344057047,0.09513983053923863,0.05274332572895165,0.2523649048257351,0.3834682707013229
grief,0.37660401974058155,-0.4001956809330796,-0.13101799388272284,-0.027744188211959425,0.00022177825680030035,-0.017567668878609586,0.011285300289421504,0.08466867277711197,-0.05985613933107352,-0.09276412930047842,-0.0150385983933603,-0.03717612254003071,0.019166716566151286,-0.02984868738330092,-0.1136008881784236,0.029018393179566882,-0.0037772986546639547,0.08928222605243362,-0.04232268117125798,0.02960725436885257,0.02107489996272141,0.051508915142241166,-0.41295800060223214,0.018597577150861768,0.2938573302362977,-0.11159501707333218,0.5422188660366848,-0.25735792168299815
joy,-0.1258060260093813,-0.18013930811704432,0.23211837689707157,-0.27050047521670684,0.10243064891065895,-0.08535704011465275,0.09989788580607413,0.19745130878812198,-0.43048317560545574,0.17671346424404397,-0.001923208297625986,0.07645277134666122,-0.03428063335915835,-0.055748181704791115,0.3231196225209427,0.02358478397262687,0.09647398380780504,-0.14218569965839334,0.1683241798510955,-0.40154345786502993,0.06321765748776476,0.02385325079993304,0.028104871225074744,-0.36353557322080376,0.16188431042989906,0.1429758729719108,0.0983049319094371,0.11563281201812599
love,-0.10027074165176782,-0.010806358623273615,-0.13744516382109195,0.019883606627744875,0.12455563109505238,0.11991123072645811,0.17044714631253985,0.1344609004173952,-0.16116401515253742,0.18161504556417557,0.7960509705639304,-0.09666050901198599,-0.09663261130520998,0.00740064175225616,-0.21864668079969837,0.02215469006824057,-0.15439299497267536,0.020911385488802437,0.13680625905578173,0.10548123301538254,0.16638958627053047,-0.023565008559045305,0.031072535072990612,0.13327743465916614,0.00077546876980954,-0.005549058965182202,0.08404242624398196,0.16015358145304792
nervousness,0.16379829497238046,-0.14118464574078807,0.3999077956140134,0.34452183273601805,-0.05624600689196504,0.3333331221005095,-0.05712641729544153,0.03841708845823993,-0.0369387878783685,-0.04618550798025789,0.001420174874384827,0.03951791487469396,0.01627205667766749,0.041403787653239384,-0.07485833205691345,0.020130549421389365,0.07198575772489203,-0.09655259790399137,-0.057720379619039225,0.04481871050620559,0.0059570190912605365,-0.04675831277983875,0.012485122029160479,0.23651758445675555,0.3051472381114627,0.5910641746738584,-0.09798557218747952,0.11097936736039557
optimism,-0.10832377220610089,-0.06600040484738949,-0.12447061711864552,-0.11695025257394012,-0.20535365532758648,0.2871259649432476,0.4028787030544471,-0.1271084011043698,0.23729476892152998,0.060219073234263155,-0.2578463149954417,0.10996602437620798,0.018163938682894343,0.10575532406815602,0.08692880315936029,-0.11018571280158908,-0.14334386996836665,-0.29473921295644406,0.47990634850349717,0.05103519233384357,0.2544457095143342,-0.0645742287258871,-0.12893587106904045,0.1623062292897762,0.024434886267667242,-0.02759068116365951,0.09819645392651494,0.13682805746794155
pride,-0.05379842931699411,-0.18799024795191996,0.23339906445481173,-0.27986773529073533,0.1131903968531763,-0.03426778498648235,0.05134421812943561,-0.1687171524400989,0.05874778010596229,-0.2002741906142262,-0.03942124073142985,0.3010875954744128,0.16417363926792905,0.0682722960321296,-0.33671185669258347,0.2764156263355149,-0.44571614917284713,0.14979875526104586,-0.09771627344316258,0.1334742271099156,0.26799038058684793,0.04529672081452921,0.13209554363247056,-0.274688022731265,0.010850192819781428,0.07891475088200302,-0.07124379567456356,-0.007222507728776004
realization,0.0403923694337573,-0.06876883861680917,0.3038465811824693,-0.13729797753451628,-0.1915846186738482,-0.21574085142826346,-0.19861573827728554,-0.23531583985461865,0.2660865645776483,0.1831710996451924,0.18604451698836966,0.03221137404311246,-0.15651562359369953,0.027640528122079944,-0.3107748520322817,-0.2829581167613667,0.04136142286765147,-0.12837254615704607,0.24653117369137062,0.042824637736709525,-0.39419794792996826,-0.10471088076513088,-0.15987242066258206,-0.25901026856260645,0.059758325558452244,-0.006738661182761771,0.027853288562814528,0.1352330428000302
relief,-0.08206831882025438,-0.26232982164544855,0.3699140913525672,-0.3533055589019325,-0.08555007982557934,-0.05704030723992714,0.009397462803111524,-0.0775097545445517,-0.23933503878616041,-0.06552727971873572,-0.028866576982034882,0.03324281395779769,-0.16708059596358354,-0.008784944511320822,0.00711226855505509,-0.08882243122328085,0.021569012947586605,0.10300238070344303,-0.11880075493936099,-0.041642495449020926,-0.04995116286806481,-0.04511212475342168,-0.02372147071416792,0.6413811351726675,-0.23501763600868444,-0.21274482890456434,-0.034954129779996845,0.039635762248190425
remorse,0.17599966410418644,-0.22225714030403404,-0.05699906580353957,-0.08157184993486843,-0.026960647319927405,-0.08483971880828244,0.09119432132575275,-0.282841455162901,0.1560317168753675,0.12789479401316162,0.004066604792912838,-0.24156927589083596,-0.07374114079436425,-0.1724914649932251,-0.09699064837196787,0.5925017039790731,0.44722542401730314,-0.008702341126945236,0.1813364779732799,-0.03027028170854722,0.05795077644561038,0.05385886381715264,0.26415607821138165,0.04154030722290617,-0.049990387556410255,0.030846327884944694,-0.029834688196327442,0.0525515721437946
sadness,0.4167030286800079,-0.30723300547577576,-0.2513032611269406,0.0007959111657214003,0.013367326354615372,-0.09953098933078905,-0.05633869602650434,0.14158446514760542,-0.09383357363165065,-0.10097435157225736,-0.04360547907808767,-0.02972262817870309,0.11400224158762957,-0.00877728854263993,0.020098087192481857,-0.10974510531419349,-0.06389658294469193,0.0163885319610028,0.0317242436654524,0.016134121838050876,0.038538805261268926,0.019498268631626844,-0.17415968977361704,-0.05987807589059493,-0.0742492976954985,-0.08793450358482055,-0.47720346825793114,0.5530200743832268
surprise,-0.010388392866724749,-0.007017775138880951,0.1769881838705866,0.030613808708931253,0.11540965471558597,-0.2231885203288429,0.17572372323186272,0.3363029811934273,0.521663201587246,-0.06379495776759056,-0.03470167235523619,-0.27600977393425874,-0.12096278700280912,0.12254802258039509,-0.11945907442626123,-0.1616202081109318,-0.01923424801583221,0.2339643261939088,-0.04264971935276865,-0.4391955975820397,0.24487291153557272,0.0924603532056104,0.045791016863860945,0.07049012197076342,0.023583787061358483,0.05068608906688075,0.03758617803129651,0.08309001413608647
neutral,-0.08683891032256123,0.2168335219427314,-0.03323430807596472,0.07943735444032474,-0.41617703741783696,-0.2400622398001449,-0.33005854379587857,0.23273663205063652,-0.0029244889174985535,-0.012872256621791145,-0.06719725509001478,0.11130898940927554,-0.12080391615415363,-0.10074449064732134,0.023196592825868483,0.4101755801332924,-0.2796721775150217,-0.05631799671388598,0.04961628218351286,-0.04534008978664337,0.013235256769694169,0.100766672857982,-0.05049293219072614,0.15735416647864134,0.041581953460325366,0.02771302525252554,0.2782359568304519,0.3605934898928655
